Evaluation-Run,Accuracy,Loss
1,0.811,0.6200148165225983
2,0.7760833333333333,0.7174510359764099
